evidence_key,fingerprint,title,summary,url,source_type,organization,response_deadline,notice_status,expected_relevance,expected_organization,expected_tender_open,reviewer,reviewed_at,notes
00186a1fc7c8eec77533a826,545ac531e3092adf5ffd90310b96ba4add52bbc8775b0796c45cf78783231039,"Rationale, design and initial performance of a dual-wavelength (157 & 193 nm) cryo-LA-ICP-MS/MS system",Showing the design of a new 157 nm LA-ICP-MS system and demonstrating its performance using ablations of quartz and ice.,https://doi.org/10.1039/d5ja00090d,journal,Goethe University Frankfurt,,,,,,,,
002326dfc5437d2e507dc927,3d99f73fa5261591b5a00155fded7ff32cb81475d65d1679084b63f563dc9fba,Leveraging novel mouse models to investigate toxic metal exposures on brain aging and Alzheimer's disease,"Alzheimer’s disease (AD) and AD-related dementias (ADRDs) are leading causes of cognitive decline and major contributors to morbidity, mortality, and healthcare costs. Cardinal hallmarks of AD brain pathology include amyloid-β (Aβ) plaques, neurofibrillary tangles (hyperphosphorylated tau), neurodegeneration, cerebro- vasculopathy, and neuroinflammation. AD risk is modulated by interaction of genetics (e.g., APOE-ε4 allele) and environmental factors, including high-fat diet, sedentary lifestyle, and exposures to environmental toxicants (exposome). Despite strong evidence for the role of environmental factors in AD/ADRD risk, the specific mechanisms driving the underlying biology remain elusive. A major reason for this knowledge gap is the absence of resource-based studies to identify age-, sex-, and toxicant-dependent molecular processes that modulate AD/ADRD pathobiology. This U01 preclinical project addresses this gap responsive to NIA exposome initiatives (RFA-AG-24-023) by leveraging a multidisciplinary collaborative team led by MPIs Lee Goldstein, MD, PhD (Boston University Alzheimer’s Disease Research Center, BU-ADRC), Gareth Howell, PhD (The Jackson Laboratory, JAX; MODEL-AD), Paul Territo, PhD (Indiana University, IU; MODEL-AD, TREAT-AD). Collectively, our team brings broad expertise and decades of experience in AD/ADRD research and resource generation using advanced AD/ADRD mouse models to investigate brain health, AD pathobiology, gene by exposome (GxE) interactions, and biometallomics. The project team includes: Dr. Greg Carter, PhD (JAX, MODEL-AD, TREAT- AD, MARMO-AD), David Aylor, PhD (North Carolina State University, NIEHS-TaRGET), and Greg Crawford, PhD (Duke, TaRGET). This U01 project will generate resources to identify mechanisms by which AD-relevant genetic factors interact with exposures to ubiquitous neurotoxic metals/metalloid (lead, Pb; cadmium, Cd; arsenic, As) to modulate AD/ADRDs pathobiology. We will expose male and female mice carrying hum",https://reporter.nih.gov/project-details/5U01AG088683-03,grant,BOSTON UNIVERSITY MEDICAL CAMPUS,,,,,,,,
00b5f1398a0e14d1d928b898,fff1367d12f7092ad9b8b8d115832e92da87603bc2240e475e78840f1032a7db,Study of the Elemental Composition of Gadolinium–Aluminum Garnets—Obtaining Predictable Optical Properties,"For the first time, inductively coupled plasma mass spectrometry (ICP-MS) was developed for determining the target elemental composition of gadolinium–aluminum garnets with the varying composition Gd3–xCexScyAl5–yO12, where x = 0.01–0.16 and y = 0.25–1.75. This fact has a fundamental importance for obtaining optical ceramics with predictable properties. Using the proposed acid mixture and temperature-time program, microwave digestion of these materials and complete transfer of the sample’s components into solution were possible. Moreover, we estimated the influence of the matrix composition, sample introduction system and collision cell on the limits of determination (LOD) of impurity elements by ICP-MS (Mg, Si, Ti, V, Cr, Mn, Fe, Co, Ni, Cu, Y, La, Pr, Nd, Sm, Eu, Tb, Er, Ho, Tm, Yb, and Lu). It has been shown that the conditions of mass spectral analysis proposed in this work provide LOD of target analytes in the range of 1∙10−6–4.15∙10−3 wt.%. The accuracy of the obtained results has been confirmed by the added-found method and by analyzing samples with known chemical composition. The standard deviation of repeatability (Sr) of the developed technique lies in the range from 1 to 6%. The developed analysis method is characterized by sensitivity, robustness and multi-elementality. It has application potential for other optical and ceramic materials of similar composition.",https://doi.org/10.3390/solids5040041,journal,NS Kurnakova Institute of General and Inorganic Chemistry,,,,,,,,
00ca644c1ea9b01604005e89,05c48a2929de9c88e6a8e8c1e5f9f3ef9383e325e39a2433527268a70654b218,Reducing the Environmental Impact of Wet Chemical Processes for Advanced Semiconductor Manufacturing,"Semiconductor manufacturing is a resource and energy-intensive industry with a substantial environmental footprint. To address the footprint, we present a methodology for quantifying the environmental impact of semiconductor unit processes using the Environmental Footprint 3.1 Life Cycle Impact Assessment (LCIA) framework, focusing on identifying improvement opportunities in process steps with less sensitivity to defects. We apply this methodology to backside wet cleaning by proposing an alternative single-wafer process that adopts ozonated chemistries. The assessment used primary data from imec’s 300 mm pilot line. Results show that the proposed process reduces the total environmental footprint by 55% compared to the baseline Spin Cleaning with Repetitive use of Ozonated water and Diluted HF process. Key reductions include 67% less electricity for cleaning, 59% less HF use, and a 31% reduction in ultrapure water consumption. When scaled to a facility producing N28 Logic wafers at 50,000 wafer starts per month, with 46 backside clean steps per processed wafer, the process achieves annual savings of approximately 4 million kWh of electricity and 28 million liters (28,000 m3) of tap water per year. A sensitivity analysis revealed that replacing fossil-based electricity with hydroelectric power further reduces total environmental impacts by up to 63%, emphasizing the benefit of combining process innovation with renewable energy sourcing.",https://doi.org/10.3390/suschem7010008,journal,IMEC,,,,,,,,
00e1c62b2f0d7d7747dddd3c,945d84d4438cd37fd8d458e6e54976f9f22a934c5c109319c2fff800da6ae43f,The role of an oxidized lithospheric mantle in gold mobilization,"Phanerozoic orogenic gold mineralization at craton margins is related to the metasomatism of the lithospheric mantle by crustal material. Slab subduction transfers Au from the crust to the metasomatized mantle and oxidizes the latter to facilitate the mobilization of Au into mantle melts. The role of volatiles in the mobilization of Au in the mantle is unclear because of the absence of direct geochemical evidence relating the mantle source of Au to Au mineralization in the overlying crust. This study uses lithium isotopes from a large suite of lamprophyres to characterize the mantle beneath the eastern North China Craton, which hosts giant Mesozoic gold deposits. Our results indicate a strong genetic link between carbonate metasomatism in the mantle and Au mineralization in the overlying crust. Although pre-enrichment of Au in the mantle is critical for forming giant Au provinces, the oxidation of the lithospheric mantle controls the mobilization of Au.",https://doi.org/10.1126/sciadv.ado6262,journal,China University of Geosciences (Beijing),,,,,,,,
00f33a31d0f70860d9024081,51c4507a2236f50d36a69c570e3073a1fee38acbd23fcce38d538123a99aa9f9,Zisha Ceramics Modulate Metal-Ion Cycling and Volatile Aroma Evolution During Sauce-Flavor Baijiu Aging.,"Ageing vessels are critical to the sensory maturation of Baijiu, yet the interfacial material processes by which traditional ceramics modulate liquor chemistry remain insufficiently defined. Here, Zisha and ceramic-clay particles with distinct aluminosilicate frameworks, mineral compositions, and pore structures were investigated to elucidate their roles in sauce-flavor Baijiu ageing. Ceramic characterization was combined with elemental and volatile analyses using ICP-MS, GC-MS, and GC-IMS. The results showed that pore development in Zisha was primarily governed by fluxing metal oxides and the Si/Al framework, whereas metal-ion migration into Baijiu was regulated by the SiO 2 -rich matrix, pore accessibility, and trace elemental composition. Metal elements exhibited reversible interfacial exchange rather than simple leaching, revealing a dynamic metal-ion cycling process during ageing. This process was associated with selective remodeling of the volatile profile. Compared with ceramic-clay particles, Zisha promoted the accumulation of acetophenone, 3-pentanone, and pyrazine derivatives while reducing dimethyl disulfide and heptanal. Sensory evaluation of Baijiu aged in ceramic jars further validated these findings. These findings identify Zisha ceramics as active material-flavour interfaces and provide a mechanistic basis for the rational design of ceramic ageing vessels to direct Baijiu flavour maturation.",https://doi.org/10.3390/foods15142477,journal,,,,,,,,,
00f8da664aeb3dc5547c361c,e9088dc808badc2394ba77e496b446022c97b286cb129f572071534eacda52e5,Food Authentication goes green: Development of a fast and resource-saving method for determining the geographical origin of hazelnuts using ICP-MS and laser ablation,,https://doi.org/10.1016/j.jfca.2024.107168,journal,,,,,,,,,
00fd2e8e3717a2351070dbb9,3ebc621d0ef6523717d4f336f977d1dd72024a8f0c2b24dd65537a3f95a89430,Inductively Coupled Plasma–Based Techniques (ICP-OES and ICP-MS) - Spectroscopy Online,Inductively Coupled Plasma–Based Techniques (ICP-OES and ICP-MS) Spectroscopy Online,https://news.google.com/rss/articles/CBMipgFBVV95cUxPRkJzbC1lSnZoYktyWFdncE50OFFtS210SlZaSVQ0MXQzR2licFhXT1lFWkNPeEswWDdBbzBYc2VWTllTdmkxbDdhV2JQbjRHZHU1cnA2MXRJVDNfRWF5MmdmamVpdHktcG9yQU5VMjNBTGV1TW5kTU9CS1BVWXJzb2ZsNnhTbmlpTl9vTFc1bGVENzN5Yk1TSUJiMzdHaXpkOFdOa29R?oc=5,news,,,,,,,,,
00ffc633d7985a75cece16a1,873e4051b4fb2ec3dd7ed688e4f54c344b3f374d65bd9d046f0d23cf8ce39fe6,Data-driven design of electrolyte additives supporting high-performance 5 V LiNi0.5Mn1.5O4 positive electrodes,"/Li, far exceeding the stability limits of electrolytes. An efficient way to enable LNMO in lithium-ion batteries is to reformulate an electrolyte composition that stabilizes both graphitic (Gr) negative electrode with solid-electrolyte-interphase and LNMO with cathode-electrolyte-interphase. In this study, we select and test a diverse collection of 28 single and dual additives for the Gr||LNMO battery system. Subsequently, we train machine learning models on this dataset and employ the trained models to suggest 6 binary compositions out of 125, based on predicted final area-specific-impedance, impedance rise, and final specific-capacity. Such machine learning-generated new additives outperform the initial dataset. This finding not only underscores the efficacy of machine learning in identifying materials in a highly complicated application space but also showcases an accelerated material discovery workflow that directly integrates data-driven methods with battery testing experiments.",https://doi.org/10.1038/s41467-025-57961-w,journal,Argonne National Laboratory,,,,,,,,
0100271950c09ca6448db534,259bd8822be1d87b1e9d339afe6dd0c490dc1125b76d638fb758f0923a4dc614,Measurement of uranium samples for nuclear forensics by laser ablation multi-collector inductively coupled plasma mass spectrometry using a pre-cell mass filter for collision/reaction cell (MC-ICP-MS/MS),,https://doi.org/10.1016/j.sab.2025.107287,journal,,,,,,,,,
01180fad17afe9ed9b3f1fa4,b94dddd0a193dc90d65b80c5d15357d152a29e601a1f3b3104191c6561455e56,Localised Autophagy Inhibition by Nanodiamonds Potentiates Arsenic Therapy With Favourable Safety Profile in Solid Tumours.,"Arsenic trioxide (ATO) shows limited efficacy against solid tumours, largely because it induces protective autophagy that attenuates its pro-apoptotic activity. Our previous studies established that nanodiamonds (NDs) function as nanoparticle autophagy inhibitors (NAPIs) when delivered systemically, markedly enhancing ATO efficacy in orthotopic liver tumour models by blocking NUPR1-mediated autolysosomal clearance. However, systemic administration remains inefficient in modulating the local autophagic microenvironment within tumours. Here we developed an interventional strategy based on intratumoral injection to assess the feasibility and biosafety of locally blocking autophagic flux while substantially reducing the required ATO dosage, thereby maximising the synergistic anti-tumour effects of NDs and ATO. In HepG2 hepatocellular carcinoma cells, NDs markedly blocked the late stage of autophagic flux, thereby significantly amplifying ATO-induced apoptosis. In a subcutaneous xenograft liver cancer mouse model, intratumoral co-administration of NDs with low-dose ATO achieved ~91% tumour inhibition and effectively eliminated the systemic toxicity associated with high-dose ATO monotherapy. Notably, the synergistic antitumor effect was independent of increased intratumoral ATO accumulation and was driven instead by targeted modulation of the autophagic pathway. Collectively, this study demonstrates a mechanism of localised, nanomaterial-mediated autophagy regulation and offers an efficient, safe strategy for interventional therapy of advanced solid tumours.",https://doi.org/10.1111/cpr.70234,journal,,,,,,,,,
0122ed54894e0b50cd8a645a,0468121deacfb3f3556020e4968df52ea8c860668f12d1be43358f7ec6124969,Development of an aptamer-functionalized sorbent for the selective and specific extraction of lead from environmental and biological samples.,Anal Bioanal Chem,https://europepmc.org/article/MED/42159680,journal,,,,,,,,,
0154ac364352d58030ba09eb,2ef2a46ef1b602b0b36835c0fa191fceba414c62a98b0a60627f07e65aa6a957,"Formation of the Mahuaping Be–W–F deposit in South China: Evidence from beryl chemistry, wolframite and monazite U–Pb dating","• The Mahuaping deposit formed during the Late Paleogene. • The deposit originated from magmatic-hydrothermal fluids. • The Mahuaping district holds significant potential for Be–W–F mineralization at depth. The Mahuaping deposit, hosted within metasedimentary rocks, is a large-scale Be–W–F deposit in the Sanjiang region, distinguished by a unique mineral assemblage that includes beryl, scheelite, wolframite euclasite, fluorite, calcite, and quartz, among others. However, its genetic model remains a subject of debate, particularly regarding whether mineralization was sourced from granite-derived fluids or metamorphic hydrothermal systems. The precise formation age of the Mahuaping deposit can be reliably determined through in-situ U–Pb dating of wolframite and monazite using laser ablation-inductively coupled plasma-mass spectrometry (LA-ICP-MS). Wolframite U–Pb dating yield an age of 30.6 ± 0.5 Ma (2σ, MSWD = 0.74), closely aligning with the monazite U–Pb age of 29.4 ± 0.3 Ma (2σ, MSWD = 0.63). These results indicate that the Mahuaping deposit formed during the Late Paleogene. Given its temporal similarity to porphyry-related Cu–Au–Mo deposits associated with intracontinental transpression in the Sanjiang region, as well as multi-stage mineral textures and the variability in FeO (0.09–1.68 wt%) and Na 2 O (0.59–2.05 wt%) contents in beryl, we propose that the Mahuaping Be–W–F deposit was formed by magmatic-hydrothermal fluids. Under this magmatic-hydrothermal model, we suggest that the Sanjiang region holds significant potential for additional economic Be–W–F mineralization. Furthermore, this study highlights that, in addition to the well-documented Cu–Au–Mo mineralization event, the Late Paleogene also witnessed a notable Be–W–F mineralization episode, thereby expanding the metallogenic framework of the Sanjiang region and providing critical insights for future exploration.",https://doi.org/10.1016/j.oregeorev.2025.106553,journal,Kunming University of Science and Technology,,,,,,,,
01598a745a444de00584a800,0564f31c6b44adb66941298aae98641a2d2bb38b206ca61c7164433e6acf1b17,Unveiling compositional images of specific proteins in individual cells by LA-ICP-MS: Labelling with ruthenium red and metal nanoclusters.,Anal Chim Acta,https://europepmc.org/article/MED/39030007,journal,,,,,,,,,
0168479fff9cf17785d4e7f5,7c07d6bb26bafd8360e7a4c5eabb64c3fbf0cd376db05cbef56d01b5bc02aa35,Tunable Fabrication of 2D-Layered Magnesium Nanosilicates With Hemostatic Properties.,Small Sci,https://europepmc.org/article/MED/42741483,journal,,,,,,,,,
0185a8453ae9aa1b9e1af9e4,dfe9b842c5bc8f6ef6c18dd6561d32334d1f529b4b8f4af318fefc480be7c11b,In vitro and in vivo anti-piroplasm activity of PBT2 against Theileria annulata and Babesia microti.,"Theileriosis and babesiosis remain major constraints to livestock production, and increasing drug resistance necessitates alternative therapeutic strategies. Here, we evaluated the metal ionophore PBT2 for anti-piroplasm activity. PBT2 inhibited proliferation of two Theileria annulata schizont infected cell lines with IC 50 values of 450.9 nM and 407.8 nM and significantly reduced parasite burden. Colony formation was suppressed in both cell lines, consistent with parasite-associated growth inhibition. Cytotoxicity in BoMAC cells was limited, yielding a selectivity index exceeding 60-fold. ICP-MS analysis of purified schizonts showed dose-dependent Zn accumulation and concomitant Mn depletion following PBT2 treatment, whereas Cu and Fe levels were not significantly altered. In infected cells, PBT2 increased reactive oxygen species levels and reduced total superoxide dismutase activity. Partial restoration of viability by Mn supplementation supports a functional link between Mn depletion and growth inhibition. In a Babesia microti murine model, PBT2 reduced peak parasitemia in a dose-dependent manner and ameliorated infection-associated anemia. Our findings indicate PBT2 as a promising, safe, and broad-spectrum anti-piroplasm chemical compound that could be used to develop the drug formulation for controlling the infections of drug resistant piroplasm in future.",https://doi.org/10.1016/j.ijpddr.2026.100646,journal,,,,,,,,,
019d00e6c58ba97dcc421ad4,b87cea71298d0c735690a5ac7f5b3557dd991597fbf4edfd14362b2e4bf0a44b,Minimizing Variable Downhole Fractionation in U–Pb Zircon Geochronology by LA‐MC‐ICP‐MS at Smaller Spot Size,"ABSTRACT The development of LA‐ICPMS and LA‐MC‐ICPMS resulted in analytical methods for zircon geochronology using a 20‐ to 60‐μm laser spot size. A high amount of complexly zoned zircons promotes the requirement of U–Pb dating at smaller spot sizes. When spot size reduces, downhole fractionation (DHF) increases, increasing the DHF discrepancy between zircon grains and the primary reference zircon standard and resulting in inaccurate results. With MC‐ICPMS's high sensitivity and multi‐collector capabilities, this work attempts to accurately determine age with spatial resolutions below 20 μm. Three well‐characterized zircon standards (91500, GJ‐1, and Plešovice) were tested at spot sizes of 35, 20, 15, and 10 μm. Laser and mass spectrometry tuning, laser shot count, and ablation time have been optimized to reduce the DHF effect on measurement accuracy. Static ablation of 35‐ to 15‐μm spots with 150 laser shot counts (30 s) yielded precision of less than 1.5% and age offset of less than 2%. The DHF differs significantly from the reference standard and two test zircon samples used for validation, with an age offset of 4% at 10‐μm spot sizes. Masking shot counts from the end enhanced accuracy, notably for lower laser shot counts and shorter ablation times. At 75 laser shot counts, precision reached 1.4% and age offsets reduced to 1.6% for 206 Pb/ 238 U age. This method minimizes laser shot counts to avoid sampling two age groups. Higher zircon DHF variability at smaller spot sizes may influence a well‐calibrated, sensitive LA‐MC‐ICP‐MS analytical figure of merit.",https://doi.org/10.1002/jms.5115,journal,Wadia Institute of Himalayan Geology Dehradun India,,,,,,,,
01a948cf8e7265443a82de41,2be094adc750cccb2b26d0bab5575d352649e21b3edcfdcead26053a55b4658d,"Mass Spectrometry Market Report 2026-2031, By Product, Application, and Geo - MarketsandMarkets","Mass Spectrometry Market Report 2026-2031, By Product, Application, and Geo MarketsandMarkets",https://news.google.com/rss/articles/CBMiigFBVV95cUxPM1NnRExnc1JpdGpGT2hkbE13eWtGMTdkaXVhbEhadl9sS09HZTR0S3RKUWZRNGpzSVNPdC1feW9MN3c0WXJjb2Z3dVIxNmR6TkZENVdodHFsZWVWSzI1TEVKamxncWdMSE5yU1preU9rTk5UNHZ5akFhLUY2Y21lbzdYRE1pY01keEE?oc=5,news,,,,,,,,,
01dd5d3be5cdc84029c7234e,8ba9c910b4f98291b395a7f49f75fe060e0a3c2ce720665dec084335475824f4,Matrix Effects in ICP–MS and XRF Analysis of Soil Samples With High Organic Matter Content,"ABSTRACT Arsenic (As) dynamics in intensively irrigated agroecosystems are intricately linked to Fe/Mn (oxyhydr)oxide transformations and organic soils. This study investigates depth‐resolved As accumulation and methodological comparability in fluvo–aquic soils, a critical food production region. Combining x‐ray fluorescence (XRF) and inductively coupled plasma mass spectrometry (ICP–MS), we analyzed pronounced surface As enrichment (0–100 cm) with concentrations reaching 95 mg kg −1 . Strong correlations (Adj. R 2 = 0.828) between XRF and ICP–MS validated their complementary utility for As determination in fluvo–aquic soils. As distribution correlated positively with Fe/Mn oxides ( p < 0.01) and clay content, highlighting redox‐driven adsorption mechanisms. Subsurface depletion patterns underscored legacy effects of long‐term groundwater irrigation. Methodological trade‐offs emphasized XRF field adaptability versus ICP–MS accuracy in capturing vertical geochemical gradients. Spatial heterogeneity analyses identified Fe/Mn cycling and soil texture as primary controls on As retention, providing critical insights for predictive models of contaminant mobility. These findings establish a framework for optimizing monitoring protocols and mitigating As exposure risks in global agricultural systems, balancing analytical precision with practical field deployment.",https://doi.org/10.1002/clen.70087,journal,Ministry of Natural Resources,,,,,,,,
01e476cd22160f1cad7542f5,dbfc137de8f064e95ab8b01d6407bdc30016907e7b75535d0158962d8145d919,Investigation of chromatographic procedures for the analysis of cationic impurities in uranium and plutonium matrices by ICP-OES and ICP-MS,,https://doi.org/10.1016/j.sab.2025.107136,journal,,,,,,,,,
01e8855541656ca3c07fab80,ad4eaff83f9e827bc5866796e3b81928470dcac65ab6cca3ada4e0ab4fc6ae89,"Biomonitoring of nutritional and toxic elements in raw and cooked rice in the Health Effects of Arsenic Longitudinal Study, Bangladesh.","Rice is a staple food and a major dietary exposure source of both nutrient and toxic elements. Rice studies typically focus on individual trace elements rather than cohesively assess multiple elements and typically measure trace elements in raw grain, disregarding cooking effects. Further, almost no studies link cooked rice profiles to biomarkers of internal exposure. Here, we used 106 matched triplets of raw rice, cooked rice, and urine samples from the Health Effects of Arsenic Longitudinal Study in Araihazar, Bangladesh to 1) demonstrate the effect of cooking on 13 essential and toxic elements in rice, 2) characterize elemental profiles of raw rice, cooked rice, and urine, and 3) identify elements in cooked rice that could influence human elemental exposure. Barium and strontium significantly increased after cooking (mean differences of 241 ng/g and 679 ng/g, respectively), while cesium, selenium, molybdenum, and nickel significantly decreased (mean differences of -12 ng/g, -19 ng/g, -202 ng/g, and -125 ng/g, respectively). Iron, cobalt, molybdenum, and vanadium levels in cooked rice significantly correlated with urinary levels (Spearman's ρ = 0.28, 0.29, 0.28, and 0.36, respectively). This suggests that rice may be a previously unidentified exposure source for cobalt, vanadium, and molybdenum - three understudied but potentially toxic elements. Overall, we find that elemental concentrations in raw rice may not reliably reflect dietary exposure, as cooking can introduce external inputs and remove endogenous elements. Integrating biomonitoring data, such as urine measurements, is therefore essential for understanding the contribution of rice to total elemental exposure.",https://doi.org/10.1016/j.ecoenv.2026.120436,journal,,,,,,,,,
01f931207b734ee3c9e9a908,2a4876891b97767d2b511bc5a6e0a64bf10cf340f7cac509d66e527154446dee,Method Development and Validation for Detection of Selective Elemental Impurities in Clarithromycin API by ICP-MS,"The present study focuses on the method development and validation for detection of selective elemental impurities in Clarithromycin active pharmaceutical ingredient (API) using Inductively Coupled Plasma–Mass Spectrometry (ICP-MS). Elemental impurities, originating from catalysts, raw materials, or manufacturing processes, can adversely affect product safety and efficacy. Hence, a sensitive and precise analytical method was developed in accordance with ICH Q3D, USP , and guidelines. The optimized ICP-MS parameters ensured accurate quantification of 23 elemental impurities, including Cd, Pb, As, Hg, Co, Ni, V, Pd, Pt, Ir, Rh, Ru, Se, Ag, Mo, Sb, Cu, Sn, Cr, Ba, Li, Tl, and Au, in a single analytical run without the need for internal standards. The developed method was validated for linearity, accuracy, precision, specificity, limit of detection (LOD), and limit of quantification (LOQ). The method exhibited strong linear correlation (r² ≥ 0.99), recovery within 70–150%, and relative standard deviation (RSD)",https://doi.org/10.36348/sijtcm.2026.v09i01.001,journal,,,,,,,,,
0314580d62a7aba08a8472a3,4f4121f5b2b51961ff96261c41e839eef2dd25ef6a7a7f4943427ea0ab72020e,β-Thujaplicin Mobilizes Renal Tubular Iron to Alleviate Diabetic Kidney Disease.,"Diabetic kidney disease (DKD) is a major complication of diabetes mellitus. Iron metabolism is implicated in the pathogenesis of DKD; however, its mechanistic basis and therapeutic implications remain incompletely explored. Here, we employed unilateral nephrectomy combined with streptozotocin-induced DKD mice to identify distinct renal iron metabolic profiles in DKD versus controls. Notably, although total renal iron content remained unchanged, pronounced iron deposition was detected in proximal renal tubules of DKD mice compared with controls. This aberrant iron deposition correlated with elevated fibrotic markers, indicating a potential mechanistic link between iron dysregulation and renal fibrosis in DKD. Importantly, the iron ionophore β-Thujaplicin (hinokitiol) effectively mobilized tubular iron and significantly attenuated renal fibrosis. Transcriptome analysis revealed that TGF-β signaling, a key fibrotic pathway, was inhibited by β-Thujaplicin. To further elucidate the mechanism of β-Thujaplicin mitigating renal fibrosis, HK-2 cells were exposed to a combination of high glucose, palmitate, and TGF-β1. The results demonstrated that THU alleviated fibrosis in HK-2 cells by reducing oxidative stress, decreasing intracellular iron levels, and inhibiting the TGF-β signaling pathway. Collectively, our findings establish that iron metabolic reprogramming drives DKD progression, and pharmacological targeting of tubular iron deposition via iron ionophores represents a promising strategy against renal fibrosis in DKD and related nephropathies.",https://doi.org/10.1080/0886022x.2026.2657666,journal,,,,,,,,,
0324ead2ed45cd35394dde6d,69535cf9b5f4f6b16b7869acc8e55527c7c70e282216a3635044b412faadb84b,Systemic drivers of toxic food adulteration: lead chromate in turmeric across eastern India.,"Food adulteration poses a growing threat to the integrity of food systems and public health globally. This study investigated turmeric adulteration with lead chromate across five eastern Indian states through a combination of sample analysis and qualitative supply chain assessments. We collected 503 turmeric samples from 34 cities and conducted 128 stakeholder interviews between 2021-2023. In total, 30% of turmeric samples exceeded India's permissible lead limit of 10 µg g⁻¹, with the highest levels in the state of Bihar (geometric mean: 48 µg g⁻¹, maximum: 6,416 µg g⁻¹). Adulteration primarily served to enhance turmeric root color and extend shelf life. Although regulations prohibit lead in turmeric, enforcement has been inconsistent-hindered by limited capacity and the prioritization of more immediate or visible issues. Using population-level exposure modeling, we estimate that halting the practice of turmeric adulteration with lead chromate could increase child IQ by up to 2.3 points, resulting in future income gains of US$ 239 million to 1.6 billion annually in Bihar alone. If cardiovascular disease mortality reductions are included, there would be an additional benefit of approximately US$ 430 million to 2.8 billion per year. Our findings underscore the urgent need for strengthened governance and targeted supply chain interventions.",https://doi.org/10.1038/s41538-026-00867-8,journal,,,,,,,,,
032d4f46b0d19e6078b37ffa,f90f53d528e69c940b9cf65c13c8708ccd46b687cac77c5b348983bb23339d28,Liquid Metal Composites Enabled High-Safety Flexible Solid-State Aluminum Batteries.,Adv Mater,https://europepmc.org/article/MED/42438301,journal,,,,,,,,,
03578d5f0b2716171edd48b0,48330115ad0c8b925b0d29c2489d9681c8b2f8f6aff3d246b501d7afb68a708f,Microwave-assisted non-destructive recycling of cathode active materials and aluminium foil from spent lithium-ion batteries.,Waste Manag,https://europepmc.org/article/MED/42537260,journal,,,,,,,,,
0358bc13e0ca5c150d0e0307,51722325fdbb848834ebaf9c59f9784955e322c021286713665163850b8428fd,"Role of persistent T cell receptor signaling in shaping CD8+ T cell residency, fate, and function against solid tumors","PROJECT SUMMARY/ABSTRACT Cytotoxic CD8+ T cells are critical effectors in fighting against tumors. However, as cancer progresses, many of these cells are driven towards a state of functional exhaustion through chronic stimulation of their T cell receptor (TCR) by tumor antigen. Many novel immunotherapies attempt to mitigate or reverse this dysfunctional CD8+ T cell state through direct targeting of pathways believed to drive exhaustion, yet their efficacy remains suboptimal, particularly in solid tumors. Cancer remains the second highest cause of death nationally, and it is crucial to further interrogate the CD8+ T cell response to cancer. Of particular note, much of the work to define T cell exhaustion has historically come from chronic infection models, with the findings broadly applied to cancer settings due to the shared presence of chronic antigen within each disease state. However, tumors operate quite differently from these infection models with a localized deposition of antigen, a propensity to downregulate antigen presentation, and, in some cases, potential for surgical resection. These differences can all affect the duration and persistence of TCR signaling in CD8+ T cells sensing cancer antigen. It remains unknown how this maintenance and loss of antigen sensing shapes the phenotype, function, and residency of CD8+ T cells. Furthermore, it remains unclear if this localized source of antigen within a solid tumor impacts anti-tumor T cells in distant non-tumor tissues, which play a large role in protection against metastases. In this proposal, the trainee will address these gaps in understandings of CD8+ T cell anti-tumor immunity. To this end, the trainee’s lab generated a tumor-specific T cell model that allows for inducible, selective excision of the TCR gene locus, which will be transferred into mice that develop autochthonous lung tumors lasting for 20+ weeks. This approach stands out due to the longevity of tumor growth, which has been a prior limitin",https://reporter.nih.gov/project-details/1F30CA317805-01,grant,UNIVERSITY OF MINNESOTA,,,,,,,,
03671bc8bde226faa54af4e9,c47084d0c6724b209adbafe040974689973b96f35da523ff6072c6936e857379,Methodologies for Assessing Chemical Toxicity to Aquatic Microorganisms: A Comparative Review.,Molecules,https://europepmc.org/article/MED/41683461,journal,,,,,,,,,
051f29dbab16cc8bd2aaece2,5b0060b929a5302e674ee104ead4cb55a30df01ca32217ed2f0c310c5c1f4bda,Ensuring High Data Integrity When Measuring Heavy Metals in Cannabis Consumer Products by ICP-MS: The Importance of Comprehensive Validation Procedures - cannabissciencetech.com,Ensuring High Data Integrity When Measuring Heavy Metals in Cannabis Consumer Products by ICP-MS: The Importance of Comprehensive Validation Procedures cannabissciencetech.com,https://news.google.com/rss/articles/CBMimwJBVV95cUxPbXktWE9vVU5OY1F5cV93QjRLd1Vqd1ZjRGV3OHJ5NHBrVFhmU1hoZkhuaEJvSWcxMHNNS3NKak5UVHBCS0VpWmpGMkRETFhxRHJ2cFBCZ2dIZWtfWjVhVTNlNU5VMkdjYW9JdE1fTFlzeVJUUFhtcWJuaGxKdktQRm5KSlJIVk1CeXhQUkpMU2lYdXRtcE1fRDRtZFEyWjhzR3o0bzhGd0N1bFpJQlU3SWs0YjZDV24xTGloS055ZXNwXzBYeHU1TmVWQmNpWHJWR1ZTeDVkRTVCWUxpRHl2WkFTOWExS1lSZmp1UEdONFRvcHFPczlpbWZVODZXMS1FTmI2amdoUUFwTUc3TmRaQlV4eEdOYzc0YVpN?oc=5,news,,,,,,,,,
05e4d717780532abceca67ab,3839856cd7f7a95d1a3cb2b757d39aa68716095a18a55e4a8d7cb7dba87543f1,New state-of-the-art ICP-MS platform now operational - University of Tasmania,New state-of-the-art ICP-MS platform now operational University of Tasmania,https://news.google.com/rss/articles/CBMitgFBVV95cUxNTlhtSzdudGZOdk9FNWRYY1VrMzB6aUZFZ09UanBlRDBrTnBta0ljNEhEQV9meUhDZ1lKT292dmd2QVdlbkowN0JVZjlCVk9QTUtoUUkyZlBtM2xiNUtuZS1zbUtJc0paaXpDV1B1MHppY0plYW9MdWZIVVNxWU5oUENJSTZJOVR2c2plbFNUbmYwNlpTS3pTOFB4TkNGNEdnRjR0ZEJxX1BkbGJjSDFtLU1tNV95UQ?oc=5,news,,,,,,,,,
083ce32340caf6650620da66,4f108dcc50122c734a7768b633c27b4f7d9f802950eb61f6d5bda30301271c82,"Elemental Analysis Market Report 2025-2030, By Type, Technique, and Geo - MarketsandMarkets","Elemental Analysis Market Report 2025-2030, By Type, Technique, and Geo MarketsandMarkets",https://news.google.com/rss/articles/CBMikwFBVV95cUxNYVFmRlVEMVV3NVF6dHZ5WUNlQllZQmNGcHdrSUE5RkszUHdVNDhHeGp1VVNmY1RNN2FpYWxJbUNmUnVQOWlqYzBLOTU4eFE0ZVFyNVFFWHh2LXA1TTV1ZjlVRkRoNHRIMm1zN3FlbTdsckRuZnlyaUNQNWlyR3A3blA0RTBXX09uSDFHZUoxeENjbDA?oc=5,news,,,,,,,,,
086e43b98db9a8abfe0074b9,7477906570bd75c79430e1ee12d755db715ce7f41e406b5f097ab361013ac124,Selenium Supplementation for Moderate-Severe Ulcerative Colitis Flares,"Selenium deficiency is common in ulcerative colitis (UC), even during periods of quiescent disease, and deficiency of selenium in UC is associated with an increased risk for disease flares and need for colectomy. Recent evidence demonstrates that coloncytes can directly uptake selenium and use it to synthesize selenoprotein-P (SELENOP), which is secreted basolaterally into the colonic microenvironment. Myeloid specific loss of SELENOP, but not epithelial specific loss of SELENOP, results in increased susceptibility to induction of colitis. Through large integrated human single-cell and spatial transcriptomics datasets, we observed an inverse association between myeloid SELENOP expression and disease activity in UC. In a prospectively recruited cohort of biologic treated moderate-severe UC patients, non-responders to IL23 blockade had significantly lower myeloid SELENOP expression and increased myeloid ferroptosis. These myeloid transcriptional changes for SELENOP and ferroptosis were not seen for non-responders to anti-TNF or anti-trafficking therapy. In-vitro data confirmed effects of selenium exposure for increasing anti-ferroptosis pathways in myeloid cells. Trace element profiling of human tissue and blood confirmed selenium deficiency in active UC patients in colonic tissue biopsies, but not blood, demonstrating a need for colonic microenvironmental selenium supplementation. A small prior placebo-controlled clinical trial in mild-moderate UC demonstrated improved symptom activity with selenium supplementation, but proof-of-concept data is lacking in moderate-severe UC. We aim to complete a proof-of- concept clinical trial for selenium supplementation in moderate-severe UC patients starting advanced biologic or small molecule therapy. Using human biospecimens from this trial, we aim to develop an exposure-response model for selenium and study changes in myeloid ferroptosis with selenium supplementation in UC. The data generated from this proposal will be used to",https://reporter.nih.gov/project-details/5R01DK144103-02,grant,NORTHWESTERN UNIVERSITY,,,,,,,,
09df75271f4ce85176ea137f,42e6411593a23e0853574a6532b13460563577f0e4731368c45e3c53fc6db30c,Understanding the mechanism of action of repurposed antihypertensive drugs against Borrelia burgdorferi,"PROJECT SUMMARY/ABSTRACT Borrelia burgdorferi is the cause of over 475,000 cases of Lyme disease annually in the United States. There are currently no preventative measures for Lyme disease beyond tick avoidance. To provide additional means to prevent new Lyme disease cases, this grant aims to identify a narrow spectrum antibiotic that can be used for pre-exposure prophylaxis for Lyme disease. I have previously conducted a high-throughput compound screen and identified four calcium channel blockers (CCB) that inhibit B. burgdorferi growth. These CCBs are from two different classes of CCBs and have different chemical structures. I further showed the CCBs are non-inhibitory in E. coli and S. aureus, suggesting that these compounds act as a narrow-spectrum antimicrobial agent that could be deployed against B. burgdorferi. The objective of this proposal is to identify the mechanism of action in B. burgdorferi of the CCBs identified from my screen. I hypothesize that the calcium channel blockers disrupt calcium and/or divalent cations homeostasis in B. burgdorferi leading to inhibition of growth. First, I will determine if excess divalent cation supplementation is able to overcome the inhibitory action of the CCBs and if the CCBs alter intracellular divalent cation concentrations. B. burgdorferi has two known metal transporters that will be investigated as possible targets of the CCBs. For the second aim, I will use transcriptional and morphological profiling to develop a machine learning multi-modal autoencoder to characterize compound-induced cell death. This model uses a training set of cell responses to known antibiotics and can be used to identify pathways of interest for compounds of unknown mechanisms. This model will be used to identify possible mechanisms of action of the CCBs. With the information from the first and second aim, I will validate possible targets as the mechanism of inhibition of CCBs through qRT-PCR and gene deletion. This proposal aims to charac",https://reporter.nih.gov/project-details/1F31AI197469-01,grant,TUFTS UNIVERSITY BOSTON,,,,,,,,
0b46aa9c38632ecac2fdd57c,7675613e196ae0ee0ee7898d9a28dcce930cfd8cd5d00b75663933f220c89416,Analysis of four toxic metals in a single rice seed by matrix solid phase dispersion -inductively coupled plasma mass spectrometry - Nature,Analysis of four toxic metals in a single rice seed by matrix solid phase dispersion -inductively coupled plasma mass spectrometry Nature,https://news.google.com/rss/articles/CBMiU0FVX3lxTFBSa3gzZGRuUVRTUnBFaUlWUWUzd044UlNyVzk5aWh1ci01NER0NERIR0RPeUtNd1VkQ1FqYVJhZFkwdG9Ka1NrUzVEV0Y5QWxqWmJZ?oc=5,news,,,,,,,,,
0ef2da17464b84a289a9d710,9984ce85c59df41a70647859db241cc87fce520426dce80a71c3f53944037cc9,Mechanisms of Metal Receptors Controlling Inorganic Phenotypes,"PROJECT SUMMARY There is a growing need in the biomedical research community to understand the fundamental roles and mechanisms that regulate inorganic chemistry involved in cellular physiology. While many of the d-block metals have been labeled as ‘trace elements,’ from a cellular point of view this is a misnomer: the intracellular concentrations of zinc and iron are routinely maintained at much higher levels (i.e., 0.6 mM). These insights, as well as the emerging literature linking metal physiology to many human disease states, underscore the importance of establishing the fundamental principles, general pathways, and macromolecular mechanisms employed to manage the large numbers of metal ions required for optimal health of a cell. The PI’s lab has developed innovations to enable the discovery of novel pathways and principles. This involves mechanistic and structural characterization of metal receptors that switch on and off genes or the activity of cell cycle regulatory proteins in a metal dependent manner. One function of these metalloregulatory proteins is to control the activity of cellular machinery that maintains metal concentrations within narrow ranges. The goals of this proposal are to: a) determine how zinc regulons are controlled by metalloregulatory switching events through newly discovered protein-RNA interactions; b) establish mechanisms for how copper, zinc, and mercury sensing metalloregulatory switches control the topology of DNA within an RNA polymerase promoter complex, and then applying these insights to the development of new types of metal ion sensors; and c) develop quantitative metallomic methods that enable researchers across the biomedical research continuum to address the question of how quantitative inorganic phenotypes vary across cells involved in commensal or pathophysiological interactions with the human host. A second goal of the proposed study tests the hypothesis that regulatory zinc fluxes exert instructive control over the mamm",https://reporter.nih.gov/project-details/1R35GM163921-01,grant,HENRY FORD HEALTH + MICHIGAN STATE UNIVERSITY HEALTH SCIENCES,,,,,,,,
115f1feda4df1adc18d8b13b,2adf529917d77ec9c8286cc07e194162de0297a424dbeae890ff27a0ff2b0fbe,Synthetic biology core for vector construction and strain optimization,"SUMMARY – Core 1 The goal of this core is to develop optimized therapeutic bacterial strains for anti-tumor immunity, tumor colonization, and payload delivery for targeted tumor treatment for the three projects in this program. Recent advances in synthetic biology and CRISPR interference for gene regulation technology, developed in our laboratories, have enabled multiplexed library assays for functional genomics to identify genes that control microbial behavior. CRISPR interference enables temporal control of bacterial gene expression throughout the process of tumor colonization and drug delivery. Moreover, we have recently shown that multiplexed targeted protein engineering with quantitative high-throughput cell sorting can generate novel synthetic proteins with optimized ligand binding and function, while systematically mapping the protein sequence-function landscape and quantifying mutational epistasis interactions. These datasets can be used for machine learning model- guided protein design to optimize molecular function. We hypothesize that applying these high-throughput techniques to engineered Salmonella cell surface protein interactions (hapten DOTA binding and CD80 ligand binding) and applying multiplexed CRISPR interference gene silencing of redundant bacterial pathways in Salmonella will improve immune induction and therapeutic responses. We further hypothesize that key genes that control Salmonella’s immunogenicity and colonization of tumors will be elucidated using genome-wide CRISPR interference assays. We have established the foundation for this research by showing that (1) mapping the sequence−function landscape in bacteria optimizes ligand specificity, (2) multiplex guide RNAs increases CRISPR interference gene silencing in E. coli, and (3) genome-wide CRISPRi-based mapping identified novel gene targets to control E. coli phenotypic behavior. We have also shown that genetic manipulation of Salmonella increases tumor colonization, cell invasion, tiss",https://reporter.nih.gov/project-details/1P01CA300738-01A1,grant,UNIVERSITY OF MASSACHUSETTS AMHERST,,,,,,,,
14a5ce264a22c42a5e2fe113,b3ed43813bc238f9c9f0f0dc6ac40bcbe22e580d36a12a714e084d9002571189,Molecular Determinants of Zinc Regulation of Mammalian Sperm,"Zinc is the most abundant trace metal in the body, and the highest zinc concentrations are found in semen. Human semen is enriched with 1-3 mM zinc, a 100-fold higher concentration than the zinc contents of other parts of the body. Moreover, low seminal zinc has been correlated with male infertility. High concentrations of zinc are also found surrounding newly fertilized eggs. Despite several observations documenting that sperm encounter high concentrations of zinc multiple times between mating and fertilization, how zinc regulates sperm is unknown. The overall objectives of this application are to uncover how zinc alters sperm swimming and establish the mechanism by which zinc homeostasis changes between when sperm are first mixed with the seminal fluids and when sperm arrive at the site and time of fertilization. The central hypothesis is that zinc derived from the seminal fluid and released by the egg at fertilization regulates sperm swimming and their ability to fertilize. The rationale for this project is that uncovering a role for zinc in the processes that sperm undergo between mating and fertilization will provide the conceptual foundation needed to develop strategies for fertility treatments, and the development of non-hormonal contraception can be developed. The central hypothesis will be tested by pursuing three specific aims: 1) Establish the mechanisms by which zinc regulates sperm at mating; 2) Delineate the mechanisms of zinc depletion during capacitation; and 3) Define how zinc alters hyperactivation of mouse and human sperm. Under the first aim, we will use proteomics, computer-assisted semen analysis, and biochemistry approaches to define how zinc enters and regulates sperm at mating. For the second aim, we will use fluorescence-based experiments to understand how intracellular zinc is depleted during capacitation. For the third aim, we will use electrophysiology and computer-assisted semen analysis to understand how zinc regulates the Ca2+ channel",https://reporter.nih.gov/project-details/5R01HD110439-03,grant,UNIVERSITY OF PITTSBURGH AT PITTSBURGH,,,,,,,,
14f0315b9c139a6a7c851831,2381d6dbf16f9a577001931c6d5549946c3e83ea4633af7a488511d4002c7d93,Foam cell formation at the host-pathogen interface in tuberculosis and cryptococcosis,"Summary. Foam cells are lipid-laden macrophages that are associated with chronic inflammation in metabolic, infectious, and autoimmune diseases, plus with some cancers. Our previous work generated a shift from the atherogenesis paradigm in which foam cells are cholesterol-laden to a disease context paradigm in which the accumulated lipids can be various neutral lipids (triglycerides and/or cholesteryl esters). We also found that foam cell biogenesis may occur by different mechanisms even when the same neutral lipid species accumulates. In preliminary work, published and unpublished, we found that with two infectious pulmonary diseases, tuberculosis and cryptococcosis, infected macrophages accumulate triglycerides; however, with tuberculosis -- but not with cryptococcosis -- triglyceride accumulation is rapamycin-sensitive and TLR-2- dependent. Thus, as proposed in the present R21 application, comparative analysis of these two infections will identify shared as well as disease-specific mechanisms underlying neutral lipid accumulation in macrophages. To characterize the mechanisms of foam cell formation in tuberculosis and cryptococcosis, we propose to start with the host-pathogen interface. The R21 plan includes two specific aims. In the first aim, we will identify pathogen-associated molecular patterns (PAMP) triggering neutral lipid accumulation in infected macrophages by assessing the lipogenic effect on macrophages of purified and synthetic components as well as cell-wall- defective mutants of C. neoformans and M. tuberculosis. In the second aim, we will identify networks of macrophage pattern recognition receptors (PRR) implicated in C. neoformans- and M. tuberculosis-induced neutral lipid accumulation by assessing infection-induced lipid droplet accumulation in knock-down PRR macrophage mutants generated by CRISPRi technology. Both aims will utilize murine macrophage cell lines and will test selected conditions in primary murine and human macrophages. We expect",https://reporter.nih.gov/project-details/1R21AI194657-01A1,grant,RUTGERS BIOMEDICAL AND HEALTH SCIENCES,,,,,,,,
1570c00f5d07ac6ec8fc61fd,e048d142b2cd723b3b6e66c3cffabef7598f6241a5e7e33716ab8f8c4900140e,Leveraging novel mouse models to investigate toxic metal exposures on brain aging and Alzheimer's disease,"Alzheimer’s disease (AD) and AD-related dementias (ADRDs) are leading causes of cognitive decline and major contributors to morbidity, mortality, and healthcare costs. Cardinal hallmarks of AD brain pathology include amyloid-β (Aβ) plaques, neurofibrillary tangles (hyperphosphorylated tau), neurodegeneration, cerebro- vasculopathy, and neuroinflammation. AD risk is modulated by interaction of genetics (e.g., APOE-ε4 allele) and environmental factors, including high-fat diet, sedentary lifestyle, and exposures to environmental toxicants (exposome). Despite strong evidence for the role of environmental factors in AD/ADRD risk, the specific mechanisms driving the underlying biology remain elusive. A major reason for this knowledge gap is the absence of resource-based studies to identify age-, sex-, and toxicant-dependent molecular processes that modulate AD/ADRD pathobiology. This U01 preclinical project addresses this gap responsive to NIA exposome initiatives (RFA-AG-24-023) by leveraging a multidisciplinary collaborative team led by MPIs Lee Goldstein, MD, PhD (Boston University Alzheimer’s Disease Research Center, BU-ADRC), Gareth Howell, PhD (The Jackson Laboratory, JAX; MODEL-AD), Paul Territo, PhD (Indiana University, IU; MODEL-AD, TREAT-AD). Collectively, our team brings broad expertise and decades of experience in AD/ADRD research and resource generation using advanced AD/ADRD mouse models to investigate brain health, AD pathobiology, gene by exposome (GxE) interactions, and biometallomics. The project team includes: Dr. Greg Carter, PhD (JAX, MODEL-AD, TREAT- AD, MARMO-AD), David Aylor, PhD (North Carolina State University, NIEHS-TaRGET), and Greg Crawford, PhD (Duke, TaRGET). This U01 project will generate resources to identify mechanisms by which AD-relevant genetic factors interact with exposures to ubiquitous neurotoxic metals/metalloid (lead, Pb; cadmium, Cd; arsenic, As) to modulate AD/ADRDs pathobiology. We will expose male and female mice carrying hum",https://reporter.nih.gov/project-details/1U01AG088683-01,grant,BOSTON UNIVERSITY MEDICAL CAMPUS,,,,,,,,
15c2430398615e3d2f26418a,8ada11d7a431bc1733c46ab886299289f723aac9aa1254c0567ed76f01b7cf3f,Automated Flow Injection Coupled with ICP-MS for the Online Determination of Trace Silver in Seawater - Spectroscopy Online,Automated Flow Injection Coupled with ICP-MS for the Online Determination of Trace Silver in Seawater Spectroscopy Online,https://news.google.com/rss/articles/CBMiyAFBVV95cUxNSkh5UTNEbmxiUk5udmkxeS1jMjg3ai13b19vRGd6Rlptb3g1cTBSQ1M0dEttblhCdzlXNWVnaWFrQ0NDS1lISTVZME94T2EwdVI3aFk0c2xubmxEZ1hud2xVY2lBUno0MThwWG5RUk5DMXI3NktFQmgxU2xPbkxSRHptVlFPY2lGNWJpN01OYTNwQWRhTlU5TTRvQmtVcHBLUE94SFhQcHN4dkstYks3WXRScU0ybnEwSTBueWFjelZZeHRYUGxEZQ?oc=5,news,,,,,,,,,
15e0680d6dc7eaa5903c229f,2d2f7dce65145b5d78feff8994dce06d6f99977dbaa758db69bacd32997cc7ed,Preconception and early pregnancy exposure to environmentally and biologically persistent chemicals: Impacts on establishing a healthy pregnancy,"ABSTRACT Among couples seeking to grow their family, approximately 12-15% will experience infertility and, of those who become pregnant, 25% will be affected by pregnancy loss. Preconception exposure to endocrine-disrupting chemicals, including perfluoroalkyl and polyfluoroalkyl substances (PFAS), polybrominated diphenyl ethers (PBDEs), and heavy metals, may disrupt the biologic processes necessary for establishing a healthy pregnancy, including ovulatory function, implantation, endometrial receptivity, and placentation. While exposure to select long-chain PFAS, BPDEs, and some heavy metals, such as lead, have decreased in the past years and decades, their persistence in the environment results in continuing population-level exposures in the United States. The endocrine-disrupting properties of PFAS, PBDEs, and trace elements are well- established; however, few studies have prospectively investigated their impact, both independently and in mixture, on the ability of women to achieve a healthy live birth. We will leverage a unique cohort study and bring together an interdisciplinary team with expertise in environmental epidemiology, epidemiologic methods, and exposure assessment to provide novel evidence for the impact of PFAS, PBDEs, and trace elements on women’s reproductive health. We will incorporate secondary data from the Effects of Aspirin in Gestation and Reproduction (EAGeR) trial, a preconception time-to-pregnancy study that enrolled 1,228 women attempting pregnancy with a history of 1-2 prior pregnancy losses between 2007-2011 from Salt Lake City, UT; Denver, CO; Buffalo, NY; and Scranton, PA. Using stored biospecimens collected at study enrollment, we will add new measures of preconception PFAS and PBDEs in serum and trace elements in urine to evaluate the impact of selected persistent pollutants, separately and in mixture, on ability of women attempting pregnancy to achieve a healthy live birth. To accomplish this, we will evaluate the following 3 study ",https://reporter.nih.gov/project-details/1R01ES038845-01,grant,UNIVERSITY OF MASSACHUSETTS AMHERST,,,,,,,,
1b5d6b09c5a61c571d9bebbe,1f2b6bd464fce8e8865bdfe359f74abe15f05804621d207fbecd0fc8142dd0c7,Local Neoadjuvant Immunotherapy to Reduce Recurrence in Resectable Oral Cancers,"Project Summary/Abstract The objective of this project is to develop a sustained-release MultiDomain Peptide (MDP) hydrogel formulation of an iNOS inhibitor L-NIL and the STING-agonist CDN to be used in combination with an immune checkpoint inhibitor monoclonal antibody to enhance immune priming in the neoadjuvant setting to control residual disease following tumor resection and lead to reduced recurrence. Head and neck cancer (HNSCC) is an ideal target for this approach as these cancers are known to be highly immunosuppressive. HNSCC is the sixth most common cancer globally and each year over 60,000 new cases of head and neck cancer will be diagnosed in the US alone and an estimated 12,230 people will die from the disease. Despite advances in surgery and radiotherapy, five-year survival rates for patients with HNSCC across all stages remain 40–50% for tumors caused by traditional carcinogens (HPV-negative). Therefore, there is an urgent need to improve treatment for patients with recurrent or metastatic squamous cell carcinoma of the head and neck. Biomaterials have recently sparked increased interest as platforms for cancer immunotherapy. Biomaterials allow for spatiotemporal control over payload delivery meaning diverse factors can be released in a controlled manner within a specific volume, reducing off-target toxicity while enabling dose-sparing. Our self-assembling nanofibrous peptide-based hydrogels that we call MultiDomain Peptides (MDPs) are at the forefront of this field. Encouraged by the inherent ability of L-NIL-MDP hydrogels to inhibit iNOS both in vitro and in vivo, we have begun to assess these hydrogels in combination with a STING-agonist CDN as a 2nd-generation biomaterial platform for combination immunotherapies called “SynerGel”. Proof of concept studies conducted by Dr. Hartgerink, and his colleagues have demonstrated that SynerGels loaded with a clinically relevant immunotherapy can render immunologically refractory tumors sensitive to immune-m",https://reporter.nih.gov/project-details/1R43CA302284-01A1,grant,TIBURON BIO INC.,,,,,,,,
1c20358e5d2d25bbc5716545,5a4410d87ed783eaa39aa8d54ed8e97ba00c65f1fc720317ff4fb5248acb6989,High-resolution XRF-CS/ICP-MS mineral element data calibration and potential applications in sub-Antarctic peat records | Scientific Reports - Nature,High-resolution XRF-CS/ICP-MS mineral element data calibration and potential applications in sub-Antarctic peat records | Scientific Reports Nature,https://news.google.com/rss/articles/CBMiX0FVX3lxTE9QY19BWElQMG10R1Q2SDlJNmE2dENHTmlOZk9xR0taZGZvWjEyeHc3X1dCUDdPSGVaQVVEb01wcEZyX0d0d28xbTA0cFNGTzFsUXp4UFJpTXNpRlh5Mjdz?oc=5,news,,,,,,,,,
1d28d877b3367864ff41fc51,bbdd54a972dceab89ff09090a438eedee11d48ab87922239a761c9f4ea513675,Defining host and Clostridioides difficile responses to metal and oxidative stress during inflammation.,"PROJECT SUMMARY/ABSTRACT All domains of life require nutrient metals, such as manganese, for fundamental life processes, therefore immune-dependent metal depletion can prevent the growth of microbial pathogens in a process called nutritional immunity. Clostridioides difficile is a microbial pathogen of the gastrointestinal tract and a leading cause of hospital-acquired diarrhea. Nutritional immunity is particularly important during C. difficile infection which leads to massive inflammation and immune-mediated metal limitation. Calprotectin is an abundant immune protein that sequesters nutrient metals and alters the transcription of C. difficile, but its impact on host gene expression remains unclear. In addition to metal limitation, the obligate anaerobe C. difficile must overcome exposure to oxidative stress, particularly during gut inflammation when oxygen levels increase. To sense and respond to these stressors, C. difficile possesses regulatory mechanisms that increase the expression of both metal transporters and enzymes that detoxify reactive oxygen species. Preliminary data suggest that inactivation of the C. difficile protein CD196_RS17790 increases the fitness of C. difficile in metal deplete conditions by maintaining manganese homeostasis. Manganese has redox potential and is a cofactor of C. difficile enzymes that prevent oxidative damage, leading to the hypothesis that CD196_RS17790 contributes to the ability of C. difficile to resist nutritional immunity and oxidative stress. A strain of C. difficile with CD196_RS17790 inactivated (Δ17790) has been created and will be used to functionally and biochemically characterize CD196_RS17790 in Aim 1. The growth of wildtype and Δ17790 C. difficile will be assessed in metal-limited and -excess conditions as well as in the presence of H2O2. The metal-binding sites of CD196_RS17790 will be identified using computational predictions and point mutations in these residues will be made. Intracellular metal concentratio",https://reporter.nih.gov/project-details/1F31AI200285-01,grant,VANDERBILT UNIVERSITY,,,,,,,,
2dd21b8cbe55937f89f8da26,a70390a9a798100913bbe451a92716cce91c98f2080f87b5cb37f9a46687665e,"Environmental Mass Spectrometry Market Report 2026-2031, By Component, Product, and Geo - MarketsandMarkets","Environmental Mass Spectrometry Market Report 2026-2031, By Component, Product, and Geo MarketsandMarkets",https://news.google.com/rss/articles/CBMipAFBVV95cUxOcGZOSXNnMUtVV0g4d1FxQnQ0SnlJcmdKOGsyakJIbEFBRHBWT2hrSDNTTWFfRExkS3REQjNrVXRZOUtFV2E5VmticWdxZ2FTWE1mVVBRQTZnMWJPTUx4UE1oUC1Sb3BWMWhoMHJpWk1waEdIcWVCR0NSUl9wZ05kN0Fudlo0RzZINTN1dGlkcEl6VThuZkNuVkkwYWRVa0FwMk1vVw?oc=5,news,,,,,,,,,
2eb67b951191d429202e09bf,fabca4db560b8d5f7da0341e80d607fc5af2e13bd7f5cb2ed2f9060e1e1872b6,Romania – Mass spectrometer – Echipamente de cercetare pentru dotarea Laboratorului de radioizotopi,"TIMS (Thermal Ionization Mass Spectrometer) - spectrometru de masa cu sursă solidă (1 buc.): va fi dedicat aplicațiilor in care măsurătorile izotopice necesită precizia cea mai mare de analiză. Printre ele se numără măsurători de izotopi radiogenici clasici pe sedimente, minerale si roci (87Sr/86Sr, 143Nd/144Nd, 206Pb/204Pb, 207Pb/204Pb, 208Pb/204Pb), dar si aplicații inovatoare noi cum ar fi măsurători de izotopi ușori de interes geochimic general (6Li/7Li, 9B/10B) și în probleme de schimbări de climat (42Ca/44Ca). De asemenea, se vor măsura cu TIMS izotopi de viață scurtă (210Pb, 90Sr) relevanți în probleme de poluare radioactivă și pentru geocronologie la scara de zeci de ani. | ICP-MS-ul rezoluție mare si de generație nouă deschide oportunitatea de a măsura izotopi non-tradiționali pe o varietate largă de materiale, de la roci si minerale, la plante si animale, artefacte de importanta arheologica, etc. | Buyer: INSTITUTUL NATIONAL DE CERCETARE-DEZVOLTARE PENTRU GEOLOGIE SI GEOECOLOGIE MARINA GEOECOMAR | Deadline: 2026-10-22+03:00 | 2026-10-22+03:00 | CPV: 38433100 | 38433100 | 38433100 | 50410000 | 51430000 | 50400000 | 51430000 | Notice type: cn-standard",https://ted.europa.eu/en/notice/-/detail/618548-2026,procurement,INSTITUTUL NATIONAL DE CERCETARE-DEZVOLTARE PENTRU GEOLOGIE SI GEOECOLOGIE MARINA GEOECOMAR,2026-10-22,active,,,,,,
3b4f8303193ae30a22349e76,157dedfeba3cca5d788006a2c01afacd8fe10317a41abf99d7d00cb272b771be,Semiconductor ICP-MS Systems Market Size | CAGR of 4.9% - Market.us,Semiconductor ICP-MS Systems Market Size | CAGR of 4.9% Market.us,https://news.google.com/rss/articles/CBMibkFVX3lxTE40VnZ3bVNjUEJWcFNCcGY1aDNjRHBDbGNfSWI3bnVOM0NzckJHY2N5R2kyLWRoMHlMbC1tZ2hvM3NQRU9FNFBUZmhRRU9xSkpYRVNaOFF0ZG00c1M1RDN0NWlrZld0LUdmSHU1Q1R3?oc=5,news,,,,,,,,,
3f7c4b69d4d0968c0dcd7e94,d61acaed3b94c1a9f02e265acc1186d34c1dfc28d9ae6b1e0ad721df168f7164,Tandem LA–LIBS Coupled to ICP-MS for Comprehensive Analysis of Tumor Samples - Spectroscopy Online,Tandem LA–LIBS Coupled to ICP-MS for Comprehensive Analysis of Tumor Samples Spectroscopy Online,https://news.google.com/rss/articles/CBMirAFBVV95cUxPQWd5NHFieXZ2ZXh0ZmZYc1l3R0pyTDhOUmJaZ25kT1JWTS1BQW13dWVJdnl6SWtRMzN4QVZYTWFYNmo2a0lQQzRwek5hUzdKM01DVmJxNEoxYktjb011TnpOb0NVMThKNG10bDktbFVQdldZTy1aMlQ2dEI2bUxvLUpYM2czSng5R1dwWW1qTGFXSG1VaUpKYjY2NExaSENZVTlXTWV2TjhGZ3BO?oc=5,news,,,,,,,,,
42d01da998d9bf24c95508bf,6025a67568fffb92ed01369d435fec99c640cdad9556a0b1e7b651a2e0d99c87,High-Resolution Mg/Ca Measurements of Foraminifer Shells Using Femtosecond LA-ICP-MS for Paleoclimate Proxy Development - AGU Publications,High-Resolution Mg/Ca Measurements of Foraminifer Shells Using Femtosecond LA-ICP-MS for Paleoclimate Proxy Development AGU Publications,https://news.google.com/rss/articles/CBMieEFVX3lxTFBiZW0yUi1pc1dmZDRfRW43OTQzNVRpcnBHMW5sSzNRSU1tODFFQWpMLVZMMDI0Zk9IU3pNSjBodHc2ekpCd1lzZi1BdUFOLUk3dERTWWpQRmU0dE5xM0hmRmx1THRrbk10VGk0NzJSbE1qU2RSWVBiZw?oc=5,news,,,,,,,,,
4dcca2606675b1bf6580c87c,508905bbc0ae1c39c65411459b7d65d21f0ee91259de8abb43148d1eef5bfd62,Preparing Biological Samples for Elemental Analysis by ICP-MS - Lab Manager,Preparing Biological Samples for Elemental Analysis by ICP-MS Lab Manager,https://news.google.com/rss/articles/CBMimAFBVV95cUxPNXVWMnF4Z2pxMVAzRDBZWklYbDZxQnUwa3ZjR0pFd0ltSENvQXdKd3g1SXhPZC1VWERYUXFVWHFOQU9oalM2ZFNpQmZMSFRTaHBqNXNlR19lNjRlNGFnS0kycEF1LWs1aXJBNjYzbUJmd2hIWTdGbURNNmI2TTRKd205R1ZFUERMU1lyZnNkb044bFo2ZUNLMA?oc=5,news,,,,,,,,,
534343b22f6427ec3c0c9a74,64ab4aa7d3930ce5b51561ac36b4539564e7600b91e3dd724b9290a8a831656b,ICP-MS for Semiconductor Manufacturing Automation & Compliance: Ensuring Precision and Quality - cuindependent.com,ICP-MS for Semiconductor Manufacturing Automation & Compliance: Ensuring Precision and Quality cuindependent.com,https://news.google.com/rss/articles/CBMivwFBVV95cUxOdEJXMjFzeXhXR2lHYU1kWmlEYW40dVdLMGZOLVBDQlRvb1hBUWxPSHVxc3IwampraWcwS0xfN05mdzBmc0QzY0gzVm9Rbl9pSnE2UGNoY3Q3Z3pwR1A2eXYzUmtkdVRQN1VESmNOblFaSG1WTWRHUWJzbFFhVU9NR1N4Wi1mQ3A0bmdLTXI2T0EyY3FVX0Z6b1NtVDJZRENNb0pOdV9XbzdEUWkyUDZWRTlYeF9qRnFPS1lNbElDYw?oc=5,news,,,,,,,,,
53454e5f5fb81f289af449c8,0a50ad390f987cb2ca6266e2177e8ebb232e6e1e6648435c1a3fbcf0df43788e,"Agilent launches new ICP-MS, GC Systems and Digital Lab Execution platform in India - Indian Pharma Post","Agilent launches new ICP-MS, GC Systems and Digital Lab Execution platform in India Indian Pharma Post",https://news.google.com/rss/articles/CBMizAFBVV95cUxQYm14anRJVFhuclZqYzFoYzdCV2JBWW9hcFZWdDBuVGV5LWJlbEgyS0E4V1Nld0poX2JVendsOXVISmdfS0J1V0MtMEFoTEF0b3RTUktlRW9kVTZGRUo1S29sSHpPeWtNS3pJTVdKSGx6LUNtVUd2RlhBajh4c3hKVFVLcno0b0Y4aDJPZ1RwWk9uMmVrTVlPaVE2endaQVVDWlN4WEx2b0plNG04ZHFhTENSb0czYzdIZ2RvU2tEUzlNTU9EcWRqQWdxbEbSAdMBQVVfeXFMTU5ZMkZDUVpZVXdCakhIaXlINktJNUpRZTM2Z0FXQkdFRG1Dd2VEUkhLczV1N1BXaGJheV9xMEY3TC1oeVRTTVBWM2FoSFZfaldnVlhYMUE3MEYxaWtlWDhxXzFPeGp0MTlGUnhERDJCOElkeEJjaWk2dHhMZDZnSElheEtZT0ZWeS1mRk1UUHdGeXRGa1kyeUp4eTNfODlYRnpoYzRGdmhBcTVyMlhnRmQ0WGxmcjhQU1JBdmdKSE81MGhsMnd5bDNuZld4b3J2R2F5TQ?oc=5,news,,,,,,,,,
54bad95e68c0d9e9c6d0d6ee,715f31624379fabbde9c7ce94c8c87f87add3869388ea3f51cfda180ac82d32a,Unlocking early pancreatic cancer detection through zinc sensitive metabolic MRI,"PROJECT SUMMARY/ABSTRACT This proposal will develop a non-invasive molecular magnetic resonance imaging (MRI) biomarker to detect pancreatic ductal adenocarcinoma (PDAC) by imaging dysregulated pancreatic zinc secretion. PDAC is the most common pancreatic malignancy and remains highly lethal because most patients are diagnosed at advanced stages, when curative resection is no longer possible. Current imaging and surveillance strategies rely on CT, magnetic resonance cholangiopancreatography (MRCP), and serum Ca19-9, which have limited sensitivity for small lesions and substantial false positivity. There is therefore a critical need for a sensitive, non-invasive method to detect PDAC earlier and to better assess treatment response. Zinc is stored at high levels in zymogen granules of pancreatic acinar cells, and zinc homeostasis is uniquely altered in PDAC. We developed secretagogue-stimulated zinc-secretion MRI (SSZS-MRI), which measures transient hormone-evoked extracellular Zn release from the exocrine pancreas. Importantly, this hypersecretory phenotype is confined to the tumor-bearing pancreas: tumor-adjacent parenchyma shows a robust MRI response, whereas healthy pancreas and pancreatitis controls show minimal or no signal change under the same stimulus. Because the readout arises from pancreatic parenchyma rather than the tumor itself, SSZS-MRI can identify abnormal exocrine physiology without requiring direct visualization of small or elusive lesions. T1 mapping of the tumorbearing pancreas will serve as the primary endpoint. We will: 1) define robustness across sex, age, diet, and PDAC models; 2) establish decision thresholds for treatment response and early recurrence across chemotherapy, radiation, and KRASG12D inhibition/withdrawal, benchmarked against multiparametric MRI and RECIST readouts; and 3) perform human feasibility studies using precision-cut pancreatic tissue slices with LA-ICP-MS zinc mapping and acinar viability/function assays. Vertebrate an",https://reporter.nih.gov/project-details/1R01CA316385-01,grant,MASSACHUSETTS GENERAL HOSPITAL,,,,,,,,
58c571153714394e7f459d3a,e2da551a3e3ba2a389d402cb46b3180b2c8fddacd3a2f9da495cd89500508736,Role of CASP8 and HRAS co-mutation in oral epithelium malignant transformation,"PROJECT SUMMARY/ABSTRACT Smoking-associated, HPV-negative oral squamous cell carcinoma (OSCC) is highly aggressive, with a five-year survival rate below 50% for advanced-stage patients. HRAS and CASP8 mutations frequently co-occur in OSCC, yet their functional roles in tumor development remain unstudied. This research aims to investigate the impact of HRAS/CASP8 co-mutations on oral epithelial malignant transformation using a tamoxifen-inducible, oral epithelium-specific knock-in mouse model. Through high-throughput Imaging Mass Cytometry, the study will characterize tumor-intrinsic proliferation, cell death resistance, and immune evasion mechanisms associated with these mutations. Specifically, Aim 1 will determine whether HRAS and CASP8 co-mutations are sufficient to drive spontaneous oral carcinogenesis and define the underlying mechanisms, whereas Aim 2 will test whether CASP8/HRAS co-mutations can serve as predictive markers for high-risk premalignant oral lesions by defining their emergence stage using amplicon NGS in a longitudinal cohort of patients with high- and low-risk lesions. Overall, this study aims to identify predictive biomarkers for early cancer detection and risk assessment, informing precision medicine approaches and guiding surgical and therapeutic strategies to improve patient outcomes.",https://reporter.nih.gov/project-details/1R03DE035544-01A1,grant,STATE UNIVERSITY OF NEW YORK AT BUFFALO,,,,,,,,
5e26ea24fff41e7008fddbe9,4b1626a35a8127985200a9cf4340c6436b07ab6a669be21f0ee4074ced46d754,Regulation of Selenium Metabolism and Selenoprotein Synthesis,"PROJECT SUMMARY Selenium is an essential micronutrient that functions through its incorporation into selenoproteins, a unique family of proteins containing the amino acid selenocysteine (Sec). These proteins maintain redox balance, detoxify reactive oxygen species, regulate metabolism, and protect cells under stress. Key selenoproteins such as glutathione peroxidases and thioredoxin reductases provide potent antioxidant defense, and disruption of selenium metabolism has been linked to cancer, cardiovascular disease, diabetes, thyroid disorders, neurodegeneration, and autoimmune conditions. Despite decades of study, fundamental questions about selenium metabolism remain unanswered. Clinical trials of selenium supplementation have yielded inconclusive results, suggesting that outcomes may depend on the chemical form of selenium provided, its delivery to specific tissues, or the presence or absence of transporters and regulatory factors. How distinct dietary forms of selenium are absorbed and distributed remains unclear. Likewise, it is not understood how tissues prioritize selenium use under limiting conditions, or how the hierarchy of selenoprotein synthesis is dynamically regulated during oxidative stress. Addressing these questions requires integrated in vivo and functional genomic approaches that extend beyond traditional cell culture systems. Our preliminary studies reveal that oxidative stress activates the KEAP1/NRF2 pathway to enhance selenium uptake and that tissues and microenvironments exhibit distinct selenium profiles not reflected in standard culture conditions. Building on these insights, we will use animal models combined with advanced elemental analysis (ICP-MS and laser ablation ICP-MS) to generate a blueprint of selenium absorption, systemic distribution, and tissue-level preservation. Interstitial fluid profiling will complement these approaches by defining how dietary selenium influences the microenvironmental selenium pool. In parallel, to identi",https://reporter.nih.gov/project-details/1R35GM165628-01,grant,H. LEE MOFFITT CANCER CTR & RES INST,,,,,,,,
6d6ba4fb5c6f8e31ff3534d4,891a6d07d61beb9a20fb37c930323a7c0048b6927935a63f3db4ab9dc07ec8a1,Targeting PD-1-Expressing Tumor-Associated Macrophages To Overcome Immunoresistant Lung Adenocarcinoma,"PROJECT SUMMARY / ABSTRACT Lung cancer is the leading cause of cancer-related deaths in the United States, with lung adenocarcinoma (LUAD) as the most common subtype of non-small cell lung cancer (NSCLC). A major challenge in LUAD treatment is the resistance to immune checkpoint therapy (ICT). Our genomic analysis identified two distinct LUAD molecular subtypes associated with immunogenic and immunoresistant tumor profiles. The immunogenic subtype exhibited an inflamed tumor immune microenvironment (TiME) with abundant lymphocytes and fewer M2-like tumorassociated macrophages (TAMs). In contrast, the immunoresistant subtype displayed a “cold” TiME. Our highdimensional single-cell analysis in an EGFRL858R -mutant LUAD mouse model revealed a specific TAM subtype with high PD-1 expression (PD-1 HIGH TAMs). These PD-1 HIGH TAMs expand in invasive LUAD, localize within lymphocyte-depleted tumor regions, and promote an immunosuppressive TiME, contributing to resistance to ICT. Notably, PD-1 inhibition alone fails to treat invasive LUAD enriched with PD-1 HIGH TAMs, whereas combination therapy with PD-1 inhibition and trabectedin, an FDA-approved macrophage-targeting agent, significantly reduced tumor burden by depleting PD-1 HIGH TAMs. Our preliminary findings further suggested that PD-1 HIGH TAMs upregulate cathepsin (CTS) gene expression, identifying a potential therapeutic target. To overcome primary ICT resistance in LUAD, our study aims to 1) uncover the mechanism underlying the emergence of PD1 HIGH TAMs during LUAD tumorigenesis by performing high-resolution spatial transcriptomic analyses and in vitro co-culture experiments to identify tumor-intrinsic factors driving PD-1 expression on TAMs, 2) define the association of PD-1 HIGH TAMs with unfavorable clinical outcomes in human LUAD using single-cell RNA sequencing and multiplexed imaging mass cytometry, and 3) determine the therapeutic efficacy of targeting PD1 HIGH TAMs in immune-resistant LUAD by assessing the ",https://reporter.nih.gov/project-details/1R01CA308295-01,grant,BAYLOR COLLEGE OF MEDICINE,,,,,,,,
7618e54e975587e27c8e6cd4,06bd72a5205ec73fec6e8237c3e97153ff3e68fad0b7411e200084f74d459ce4,Mass Spectrometry for Forensic Analysis: An Interview with Glen Jackson - Spectroscopy Online,Mass Spectrometry for Forensic Analysis: An Interview with Glen Jackson Spectroscopy Online,https://news.google.com/rss/articles/CBMirwFBVV95cUxQeWc0OHkyRVlLTHVuaFI5Vl9MMktfRXRSRExiR1R4OGNIVlVjTVVEZHN5bGJIR195TUFWQmloMzlUV0NjV2dDOVVGNTJweUFfQzloSEw1UGVoRE1NWDhWU3p6NzVHZndMbjZvVjV1d29TUkR3OEhBMlJ6TmNvU2FpOWF6S05DWUNvRU1EYWFqRVZDXzdIaFJ5d3B1cVVFSWRSeVB6TE4tSy0wZXFmWVcw?oc=5,news,,,,,,,,,
79021c546a34d1567f0f6fc2,573fc82c89538f6deea99659421557e41b6be622e76a5d7b2feb91ff39de1c5a,An Innovative Platform Merging Elemental Analysis and Ftir Imaging for Breast Tissue Analysis | Scientific Reports - Nature,An Innovative Platform Merging Elemental Analysis and Ftir Imaging for Breast Tissue Analysis | Scientific Reports Nature,https://news.google.com/rss/articles/CBMiX0FVX3lxTE5udms0RWRTcnRELVM2aDFUWmVTTmc4QTExOWlBQW5DbkFOY0pWN0ZxX3RjMGREWkVqT2tQV1hyMGZ4QkdTRV9RbGlVekVzc3pmM0ZOdm5KRUpCX3NPV29N?oc=5,news,,,,,,,,,
8f2215643f70e4bdee8a3075,f7122d25e91b5719ea94d3bffdd3e8d48b91e19de748bf2ae861d226d35f8084,Utah geologists win $1M NSF grant for state-of-the-art mass spectrometer - The University of Utah,Utah geologists win $1M NSF grant for state-of-the-art mass spectrometer The University of Utah,https://news.google.com/rss/articles/CBMitwFBVV95cUxNS0ZmbWNEdTBtYmhMNFFmbjJlVjVtMTlIa0VDZDhWLWNrV2M5eWg1SWlmc3ZHNE4zMEF0NW8tUHNEdXYxMTN6bS14aHNhRHZUTWYxM0o1ZzEzRXNPOVAwR2l6a1pyOTJxS2EtMHBwaF8ta3NVZlR1bGJwOC0wRGk5UDdlNkh1WWs4Q2NKY004aVB4WUpobS1jVWJCYTQ4dDVpUTNhVzlza25LRk53SGl3bGFZRmtDLUU?oc=5,news,,,,,,,,,
97b1c534877471b6000ef411,8cb04544b6c572f8111a9d78e561c5ecbdf0a0037837b94a769dbc51cec24b2a,Multi-Omic Mass Spectrometry Imaging of Inflammatory Disease Biomarkers,"Project Summary The molecular classes of prostaglandins, proteins, and metals are interconnected in biological system, driving fundamental biological processes like inflammation, cell signaling, and disease development. Our understanding of inflammatory processes is limited, in part, because of a lack of multi-omic spatial biology approaches to visualize these molecular classes directly in tissues. Standard matrix-assisted laser desorption/ionization (MALDI) mass spectrometry imaging (MSI) approaches are not able to detect prostaglandins because of the poor ionization efficiency of neutral ketones such as prostaglandins. Multi-omic MSI approaches to visualize prostaglandins, proteins, and metals from the same tissue section are also not yet available. To address these limitations, I recently developed new on-tissue chemical derivatization (OTCD) protocols using Girard's reagents for prostaglandin visualization in mouse kidney and liver tissues. I integrated on-tissue tryptic digestion (OTTD) with OTCD to enable simultaneous detection of proteins and prostaglandins from identical tissue sections. The main technical challenges for multi-omic MALDI MSI are a lack of (1) sequential tissue imaging workflows to acquire prostaglandin, protein, and metallomic data with spatial co-registration from a single tissue section, and (2) computational pipelines for accurate quantification and spatial correlation of these diverse molecular classes. To address these challenges, I propose to develop (1) an optimized Multi-Omic Mass Spectrometry Imaging (MOMSI) platform that integrates OTTD-OTCD protocols with MALDI MSI and laser ablation inductively coupled plasma (LA-ICP) MSI, and (2) computational frameworks that include molecular probabilistic mapping for improved quantification, analysis, and visualization of multi-omic datasets. MOMSI data will contain tissue maps of prostaglandins, tryptic peptides, and metal cofactors, providing spatial biology information complementary to conv",https://reporter.nih.gov/project-details/1K99GM166955-01,grant,JOHNS HOPKINS UNIVERSITY,,,,,,,,
9b046266d3a646a8398811d1,837beb8220c0f6693902b1cba49f6086bdbd716e389de5ee51fb09544e619362,Using an Innovative Mass Spectrometer and Non-Matrix–Matched Reference Materials to Quantify Composition of Metal Disks and Powders - Spectroscopy Online,Using an Innovative Mass Spectrometer and Non-Matrix–Matched Reference Materials to Quantify Composition of Metal Disks and Powders Spectroscopy Online,https://news.google.com/rss/articles/CBMigAJBVV95cUxNSXlwWWdoTUFULWlZQmNrSDkxLVJORXNnRWQ4di1BUFZvaW5YWkFIN08xTGFjam9LVlNnYXpwbUFpcTQxTHptb3piUG9ZM2FqdVpJMVVvSFVRcWlLYkdfWFdtdTdmRnh3TzZjTnZLY0JMb2djbjhhMVQzVWR6N3JiX21rbGoxY0dsSld2OVNCUi1YbWhwNG8zUFBZZHBfYkR0NmxSZk5vS1RlNHV0RzNDNzZiN3lDSC1XdHNNWGdST0VaRGcyRDRHMEpTdFNBcUNrWVFOclJLaE5RWlM1WjJ0d1FCTGlnNmRCQzJ3SWMwNnBLRFlOT0VKMHk3WFhFX3Jp?oc=5,news,,,,,,,,,
9db60c97f5b69d436dc2e9e9,16177bc03d0c44d2376dceb342b3caab26767fec1ba5203ea819a7faec0c2584,"New-Generation, High-Precision Isotope Ratio Mass Spectrometry System Delivers Analysis for Geosciences, Nuclear Safeguards, and Medical Research Applications - Lab Manager","New-Generation, High-Precision Isotope Ratio Mass Spectrometry System Delivers Analysis for Geosciences, Nuclear Safeguards, and Medical Research Applications Lab Manager",https://news.google.com/rss/articles/CBMilwJBVV95cUxPb3BZZUdSU0JTYURHV0lhdDhVbk83c1l5bmxoaHhwUUZKS0hPZGZfOVVUMldXdFBoZ2RpcGNHMEI3WXdnM0RsQU5zVDFwZDdIUXNya3A5ZGZJM2VzOXpvajhVS08xc1BtTExNdTFkeUZNR3NaMERxeXI1NzM5Wi1LdXBjWC1DdDJXbG9SbG1mVlJJcUFvNkEtZ1FIY295dWRpNUljUnhhb2t4VVJLQjhYcHFmRmw1QldwbjVqS09tQUw1aHhPVm11WU1WR21KR0JtbkxVeGpCbHNOSFdJbTNWZ2JNaW9OSm9BRjlSR0s0bWhhSG9pemhtUGp5VGsxMEVReXJzYzFrQzFxNTh4NHhCMzVIRWtKYXM?oc=5,news,,,,,,,,,
afa9c08154763d822cab7dee,afe94f60003129b1e2bc6727c39fed68400ef082bf2469f90d75f353f0a15b94,Screening Variants of Unknown Significance to Identify Pathogenic Variants of the Manganese Transporter SLC39A8,"Project Summary/Abstract Manganese (Mn) is a trace element essential for life. As a cofactor of many enzymes, Mn is crucial for many biological processes in humans. On the other hand, excessive Mn causes neurological disorders, including dystonia and parkinsonism. Mn transporters play a central role in maintaining Mn homeostasis by controlling Mn flux across plasma and organellar membranes. Among them, a plasma membrane transporter belonging to the Zrt/Irt-like protein (ZIP) family, SLC39A8 (or ZIP8), dominates Mn reabsorption from the bile (a major route for Mn excretion). Loss-of-function (LOF) mutations of slc39a8 lead to systemic Mn deficiency and is associated with a rare and potentially lethal genetic disorder, SLC39A8-Congenital Disorders of Glycosylation (SLC39A8- CDG), due to the abolished activity of Mn-dependent galactosyltransferases. Till now, more than three hundred slc39a8 mutations found in the human population have been documented, but whether these genetic variations are pathogenic or benign is an unresolved problem due to lack of experimental data and poor performance of computational approaches for functional prediction. We hypothesize that many variants of unknown significance (VUS) have defects in Mn transport and cellular trafficking. To test this hypothesis, we propose to apply an ICP- MS-based transport assay and flow cytometry-based trafficking analysis to screen most of the missense variants of SLC39A8. In Aim 1, we will identify the SLC39A8 variants with impaired Mn transport function by developing and applying an improved cell-based transport assay with greatly increased throughput to screen a library consisting of nearly 300 variants. In Aim 2, we will identify the SLC39A8 variants with defects in expression and/or trafficking to cell surface by applying the established flow cytometry-based analysis to the SLC39A8 variants with impaired Mn transport activity. The success of this project will provide critical evidence for improved risk p",https://reporter.nih.gov/project-details/1R03TR005599-01,grant,MICHIGAN STATE UNIVERSITY,,,,,,,,
c2e9f6b6fff08150d3548593,32309200a2380a67d807e265c16bc9a3820d4f2b133b5829d107652dc49b8032,(R21) Physicochemical and toxicological assessment of the particulate matter (PM) from the Los Angeles Wildland-Urban Interface (WUI) Fires and its impact on respiratory health,"EXECUTIVE SUMMARY/ABSTRACT The increasing frequency and intensity of wildfires are having serious public health consequences. Wildfire exposures have adverse health impacts, but the specific mechanistic effects remain unknown, especially for wildland-urban-interface (WUI) fires. Due to the burning of human-made structures as well as biomass in WUI fire episodes, the particulate matter with aerodynamic sizes less than 2.5 microns (PM2.5) generated from WUI fires, (WFPM2.5), maybe more toxic than urban background PM2.5, which is mostly generated from fossil fuel combustion, or pure biomass WFPM2.5. Such wildfire exposures will have devastating health consequences, especially in those with existing disease such as asthma and COPD. In January 2025, catastrophic WUI fires impacted Los Angeles(LA), resulting in a severe air pollution event with high PM concentrations. During this event, in collaboration with UCLA, we deployed state- of-the-art instruments in two locations to collect air quality data and size-fractionated WFPM for physicochemical characterization and toxicological assessment. The WFPM samples are stored at 4°C, and their physicochemical and toxicological properties must be analyzed in a timely manner to avoid degradation. The proposed interdisciplinary project consists of two Aims and focuses on the impact of WFPM on respiratory health. In Aim 1 we will perform detailed physicochemical analysis of the collected PM0.1 and PM0.1- 2.5 size fractions, including: i) X-Ray Fluorescence (XRF) for 28 trace elements; ii) Thermal Optical Carbon (TOC) analysis of organic carbon (OC) and elemental carbon (EC) fractions; iii) GC-MS analysis of 105 polyaromatic hydrocarbons (PAHs); and iv) ICP-MS analysis of metal content;. In Aim 2 we will employ 1). a translational ex vivo human precision-cut human lung slice (hPCLS) model and an in vitro primary cultured HASM cell model to assess the effects of WFPM on airway function, including effects on bronchoconstriction/dilatio",https://reporter.nih.gov/project-details/1R21ES038066-01,grant,RUTGERS BIOMEDICAL AND HEALTH SCIENCES,,,,,,,,
d701d524e232eb6ab986b0d5,210b99d5f67d29e30212e6de35d9870119e2a1b97db29226c05905cbbdc1b278,Adventures in elemental mapping – part 1: analysis of minerals - BGS - British Geological Survey,Adventures in elemental mapping – part 1: analysis of minerals BGS - British Geological Survey,https://news.google.com/rss/articles/CBMikAFBVV95cUxNVlhYSHU2eTNmZ0V1bWsteW81QllhTHpCZng3Xzc2d2tZQ3pIYkdYdUNUMnB2RFVwTmt4ZmNqV183bkU1Mm55QmtPbTF6cU9TYlhnZ2NXT0lIRzlGQ21SLUZ6bFhSQTQ3YVRUTWxFTms0WGNPVkplRFFJcXpNWm9ybGxYM0ZTeUR3WGZoM1VsLVQ?oc=5,news,,,,,,,,,
dc08ed2f69c3cc7c9fb8c1cf,926d9db550c0072bb2b8d47bbb56a794f7ff2f02a733bccae554cb152996f97c,Human Chemo-Nociceptor Signaling,"PROJECT SUMMARY Chronic pain is an enormous and urgent health burden in the United States on a growth trajectory. Safe and effective alternative pain medicines to replace dangerous, ineffective, or addictive current treatments (such as opioids) have shown unsatisfactory clinical translation from animal models. We have developed methods to recover viable peripheral nervous system including the pain and itch signaling neurons from the dorsal root ganglia (DRG) from human cadaveric organ donors. These gifted, viable tissues provide unique opportunities to obtain high-validity human preclinical data on the physiologic, molecular, genetic, and cell signaling mechanisms that contribute to chronic pain. Recently, we showed that human nociceptors exhibit important genetic differences compared to rodent models that can impact clinical outcomes. In this project, we will leverage human donor tissue recovery to facilitate target identification, drug discovery, and the development of novel medicines to treat pain and itch. In Aim 1 we generate the first protein expression atlas of the human DRG at cellular resolution which will provide a comprehensive guide for drug targets. This highly multiplexed catalog of protein expression is possible with our innovative approach of imaging mass cytometry. The results will test the hypothesis that gene expression alone does not accurately predict protein expression, and we expect the proteomic data will challenge the current RNA-based characterization of sensory neuron subtypes. Next, in Aim 2 we investigate the physiology and intracellular signaling of the human chemo-sensitive nociceptors, focusing on the human-specific MRGPRX class of transmembrane receptors thought to be critical for pruriception, nociception, and inflammation. These human-specific G-protein coupled receptors are not expressed in rodents, and their molecular signaling pathways and functional roles in pain and itch in native human nociceptors are unknown. In Aim 3 we exa",https://reporter.nih.gov/project-details/1RF1NS141359-01A1,grant,NEW YORK UNIVERSITY,,,,,,,,
e5f37f5e84602ed00bce4f59,9bed3cd1bbd34216f679c34a7ff563a36982fdc78aacdae6237ce4eba1f9cd0f,Single Cell-Resolution Imaging of Drug Resistance via Toxic Metal Pre-exposure in Lung Patient Tumor Microenvironment,"SUMMARY Kentucky’s Appalachian population has by far the highest lung cancer incidence and mortality rates in the US, where toxic metal exposure can be an important co-morbidity. Despite improved lung cancer patient survival via targeted therapy, major challenges remain such as variable efficacy, resistance development, and severe toxicity. Metabolic heterogeneities in the Tumor MicroEnvironment (TME) are crucial contributors to these challenges. To greatly improve patient care and outcomes, there is an urgent, but unmet, need to understand how patients’ TME metabolism interacts with other unexplored factors such as toxic metal buildup to promote cancer progression and therapeutic resistance. Lack of proper cancer models to recapitulate individual patient’s TME hinders this effort. Our non-small cell lung cancer (NSCLC) patient-derived organotypic tissue cultures (PD- OTC) are unique models that retain the native 3D architecture, microenvironment, and metabolic functions of original tissues. We have mapped extensive metabolic networks and key oncometabolic proteins in 105 matched pairs of cancerous (CA)/non-cancerous (NC) lung PD-OTC using Stable Isotope-Resolved Metabolomics (SIRM) coupled with Reverse Phase Protein Array (RPPA) analyses. Using Digital Spatial profiling of transcripts (DSP- T) and proteins, we saw diverse pro- and anti-tumor TME responses of lung PD-OTC to immune activators. Harnessing Laser Ablation coupled with Inductively Coupled Plasma Mass Spectrometry revealed for the first time co-localization of chromium (Cr) and oncometabolic proteins in Appalachian NSCLC patient tumor tissues at single-cell (10 µm) resolution. Metal carcinogen Cr and co-morbidity metal lead (Pb) are known exposure agents in Appalachian Kentucky, and were shown to dysregulate cell metabolism and drug resistance to promote cancer development. We thus hypothesize that Cr/Pb pre-exposure promotes NSCLC resistance to therapy by eliciting pro-tumor/resistance events within the ",https://reporter.nih.gov/project-details/1R21CA307890-01,grant,UNIVERSITY OF KENTUCKY,,,,,,,,
eae531d3765fea83d6800e5a,346e0488a9ee1eaa64402a04318c5a3384e22d44984ffaef4e0702549cac60e1,Trace Elements (TE),"Project Summary/Abstract: Trace Elements The chemistry of inorganic elements is linked inextricably with the study of cancer. This is especially true for our catchment area, given the high level of inorganic element exposures typical of “the Granite State”. Whether studying known carcinogens, such as arsenic, the potential antagonistic effects of elements, such as selenium, or the therapeutic uses of platinum or iron nanoparticles, there is a clear need for both routine and advanced trace element analytical methods to support NCCC research. The Trace Elements (TE) Shared Resource provides access to low-level inorganic elemental analysis to all four research programs within the Cancer Center. TE uses state-of-the-art ICP-MS instruments to quantify multiple elements and, when coupled with chromatography, multiple contaminant compounds (species) in a variety of biological and environmental media. Cutting-edge ICP-MS instrumentation (e.g., triple-quadrupole ICP-QQQ) provides rapid, interference- free analysis of established and emerging contaminants and macro- and micro-nutrient elements. The breadth of sample types handled by TE spans water, soil, sediment, invertebrates, fish and animal tissues and organs, cell lysates, human hair, toenail, blood, urine, placenta, foodstuffs, and beverages. The ability to handle such a broad array of sample types is a unique feature of TE. In some cases, the sample mass available for analysis is <10 mg, and methods often are adapted to account for small sample masses on a case-by-case basis. Analytical data must be collected according to accepted protocols for sample preparation, analysis, and quality control. TE has established protocols and a Quality Assurance program, uses methods based on those of the CDC, FDA, EPA, and USGS; and participates in national and international proficiency testing programs to ensure accurate, precise, and defensible data. TE has very strong links to the Cancer Population Sciences (CPS) Program. TE is an",https://reporter.nih.gov/project-details/3P30CA023108-45S2,grant,DARTMOUTH COLLEGE,,,,,,,,
f216baf407a9cbcd4755dbe4,86a5dabe668e282fd57c848f997794c09852d3aaea1339b9d14a20662c7fb267,"Laboratory Modernization Strengthens QPS Holdings, LLC’s Long-Term Commitment to Elemental Bioanalysis - Via TT","Laboratory Modernization Strengthens QPS Holdings, LLC’s Long-Term Commitment to Elemental Bioanalysis Via TT",https://news.google.com/rss/articles/CBMi_gFBVV95cUxQQXdTY1FYQ01vQk1HVWlxSGVRVWRzNVhQSHFBRV81dlZDM3IzMUxmUHZnLXdybkZnM0FvN2xYV0VKSzEwNUpqU3ZOYkUzeDR3TEN6SVRSMURiQTFiMFpkeFFqVEtDY2RYREo3VlpxbTNSTnhUcC1uVC1rR2s5VWVTNEIwYjNkQ3g4YnZEcEp5SFN1TXgtdzB4QWlRUEY4Q1N5UmpNVGpLYmQxY2Vlcjc1bkhXZUpCenByOUlkWjQ5MjBmZTNLRmtKbkE2Zjlkb0ZxWWxOMktNcXdiWXdBM2diTFJyVUZFZEUwbWZyYzZVU2RhT3VCcXpoYlkzaVVNZw?oc=5,news,,,,,,,,,
